City_ID,City,Country,Lat,Lng,Max Temp,Humidity,Cloudiness,Wind Speed,Current Description,Date
0,Rikitea,PF,-23.1203,-134.9692,79.12,70,2,15.86,light rain,2022-02-12 20:48:04
1,Quatre Cocos,MU,-20.2078,57.7625,80.71,86,10,11.18,light rain,2022-02-12 20:48:04
2,Tuktoyaktuk,CA,69.4541,-133.0374,-27.4,68,40,6.91,scattered clouds,2022-02-12 20:48:05
3,Kruisfontein,ZA,-34.0033,24.7314,72.1,91,95,9.64,overcast clouds,2022-02-12 20:48:05
4,Mahebourg,MU,-20.4081,57.7,80.89,83,40,9.22,scattered clouds,2022-02-12 20:48:05
5,Kavieng,PG,-2.5744,150.7967,80.64,78,100,4.0,light rain,2022-02-12 20:48:06
6,Nome,US,64.5011,-165.4064,-0.33,60,100,4.61,overcast clouds,2022-02-12 20:45:25
7,Kodiak,US,57.79,-152.4072,38.71,70,0,3.44,clear sky,2022-02-12 20:48:06
8,Lira,UG,2.235,32.9097,74.48,41,81,2.82,broken clouds,2022-02-12 20:48:07
9,Constitucion,CL,-35.3333,-72.4167,70.48,54,1,5.28,clear sky,2022-02-12 20:44:00
10,Albany,US,42.6001,-73.9662,45.18,58,57,1.99,broken clouds,2022-02-12 20:43:13
11,Sibolga,ID,1.7427,98.7792,75.25,85,92,2.51,overcast clouds,2022-02-12 20:48:07
12,Port Alfred,ZA,-33.5906,26.891,75.31,93,4,11.25,clear sky,2022-02-12 20:48:08
13,Baykit,RU,61.67,96.37,-15.45,100,36,2.51,scattered clouds,2022-02-12 20:48:08
14,Padang,ID,-0.9492,100.3543,76.21,81,96,4.16,overcast clouds,2022-02-12 20:48:08
15,Nevyansk,RU,57.4953,60.2112,10.36,97,99,3.6,overcast clouds,2022-02-12 20:48:08
16,New Norfolk,AU,-42.7826,147.0587,58.75,68,100,3.71,overcast clouds,2022-02-12 20:48:09
17,Ushuaia,AR,-54.8,-68.3,47.86,53,40,42.57,scattered clouds,2022-02-12 20:48:09
18,Bandarbeyla,SO,9.4942,50.8122,75.96,69,100,13.31,overcast clouds,2022-02-12 20:48:09
19,Kaitangata,NZ,-46.2817,169.8464,51.93,81,100,9.73,light rain,2022-02-12 20:48:10
20,Solnechnyy,RU,50.7214,136.6319,10.15,94,100,6.98,light snow,2022-02-12 20:48:10
21,Atuona,PF,-9.8,-139.0333,77.63,78,6,13.71,light rain,2022-02-12 20:48:10
22,Hithadhoo,MV,-0.6,73.0833,81.09,70,100,12.26,overcast clouds,2022-02-12 20:48:11
23,Carnarvon,AU,-24.8667,113.6333,84.27,61,75,8.05,broken clouds,2022-02-12 20:48:11
24,Jibuti,DJ,11.5,42.5,72.82,72,93,10.71,overcast clouds,2022-02-12 20:48:11
25,Calabozo,VE,8.9242,-67.4293,95.49,28,64,8.68,broken clouds,2022-02-12 20:46:42
26,Henties Bay,NA,-22.116,14.2845,70.86,82,92,8.37,overcast clouds,2022-02-12 20:44:14
27,Victoria,HK,22.2855,114.1577,66.18,91,98,8.99,overcast clouds,2022-02-12 20:47:32
28,Hobart,AU,-42.8794,147.3294,58.12,75,75,11.5,moderate rain,2022-02-12 20:45:03
29,Punta Arenas,CL,-53.15,-70.9167,57.31,44,40,31.07,scattered clouds,2022-02-12 20:48:12
30,Nador,MA,35.174,-2.9287,55.65,82,20,2.3,few clouds,2022-02-12 20:48:12
31,Bluff,NZ,-46.6,168.3333,51.8,73,100,13.42,overcast clouds,2022-02-12 20:48:13
32,Buchanan,LR,5.8808,-10.0467,80.56,84,17,7.92,few clouds,2022-02-12 20:48:13
33,Arkhangelskoye,RU,55.8549,35.3287,23.07,92,94,12.77,overcast clouds,2022-02-12 20:48:13
34,Albemarle,US,35.3501,-80.2001,72.45,23,0,3.44,clear sky,2022-02-12 20:48:13
35,Borovskoy,KZ,53.8,64.15,12.04,92,100,4.5,overcast clouds,2022-02-12 20:48:14
36,Shahr-E Kord,IR,32.3256,50.8644,33.57,100,75,6.91,broken clouds,2022-02-12 20:48:14
37,Mataura,NZ,-46.1927,168.8643,51.48,89,97,3.8,overcast clouds,2022-02-12 20:48:14
38,Kapaa,US,22.0752,-159.319,77.11,73,40,9.22,scattered clouds,2022-02-12 20:48:15
39,Nikolskoye,RU,59.7035,30.7861,33.87,96,100,12.48,light snow,2022-02-12 20:48:15
40,Hasaki,JP,35.7333,140.8333,27.0,61,47,3.8,scattered clouds,2022-02-12 20:50:45
41,Yumen,CN,40.2833,97.2,23.43,53,100,7.58,overcast clouds,2022-02-12 20:48:15
42,Havre-Saint-Pierre,CA,50.2334,-63.5986,34.39,93,100,8.05,overcast clouds,2022-02-12 20:54:07
43,Belyy Yar,RU,53.6039,91.3903,-28.14,52,88,0.0,smoke,2022-02-12 20:54:08
44,Kavaratti,IN,10.5669,72.642,80.47,70,6,7.14,clear sky,2022-02-12 20:54:08
45,Castro,BR,-24.7911,-50.0119,73.26,67,57,3.91,broken clouds,2022-02-12 20:54:08
46,Jamestown,US,42.097,-79.2353,29.08,63,100,10.36,overcast clouds,2022-02-12 20:50:53
47,Kahului,US,20.8947,-156.47,79.86,74,4,11.99,clear sky,2022-02-12 20:54:09
48,Qasigiannguit,GL,68.8193,-51.1922,8.13,86,100,12.75,light snow,2022-02-12 20:54:09
49,East London,ZA,-33.0153,27.9116,76.14,89,0,9.89,clear sky,2022-02-12 20:54:09
50,Pangnirtung,CA,66.1451,-65.7125,-7.6,84,100,18.41,light snow,2022-02-12 20:54:10
51,Tahta,EG,26.7693,31.5021,55.72,29,0,5.95,clear sky,2022-02-12 20:54:10
52,Tecoanapa,MX,16.5167,-98.75,85.05,47,100,10.83,overcast clouds,2022-02-12 20:54:10
53,Cape Town,ZA,-33.9258,18.4232,70.09,80,0,14.97,clear sky,2022-02-12 20:51:01
54,Tilbury,GB,51.4625,0.3586,44.98,71,100,13.89,overcast clouds,2022-02-12 20:54:11
55,Bethel,US,41.3712,-73.414,56.01,46,0,11.5,clear sky,2022-02-12 20:51:05
56,Laguna,US,38.421,-121.4238,80.01,45,0,1.99,clear sky,2022-02-12 20:54:11
57,Bengkulu,ID,-3.8004,102.2655,75.31,84,93,4.7,overcast clouds,2022-02-12 20:49:17
58,Fortuna,US,40.5982,-124.1573,71.85,69,0,8.05,clear sky,2022-02-12 20:54:11
59,Tautira,PF,-17.7333,-149.15,87.82,73,92,14.5,light rain,2022-02-12 20:54:12
60,Barrow,US,71.2906,-156.7887,-29.18,100,100,8.05,overcast clouds,2022-02-12 20:50:32
61,Sur,OM,22.5667,59.5289,69.01,63,0,10.29,clear sky,2022-02-12 20:54:12
62,Geraldton,AU,-28.7667,114.6,66.61,82,2,10.36,clear sky,2022-02-12 20:54:12
63,Luderitz,NA,-26.6481,15.1594,73.76,69,4,6.44,clear sky,2022-02-12 20:54:13
64,Cherskiy,RU,68.75,161.3,-20.25,98,100,10.13,overcast clouds,2022-02-12 20:54:13
65,Kutum,SD,14.2,24.6667,60.94,15,30,7.29,scattered clouds,2022-02-12 20:54:13
66,Lompoc,US,34.6391,-120.4579,87.78,31,0,10.36,clear sky,2022-02-12 20:51:40
67,San Jose,US,37.3394,-121.895,81.59,40,40,5.01,scattered clouds,2022-02-12 20:49:42
68,Pevek,RU,69.7008,170.3133,-22.88,98,100,9.28,overcast clouds,2022-02-12 20:51:16
69,Ellensburg,US,46.9965,-120.5479,51.94,50,0,1.01,clear sky,2022-02-12 20:54:14
70,Qaanaaq,GL,77.484,-69.3632,-20.29,47,0,8.52,clear sky,2022-02-12 20:54:14
71,Severo-Kurilsk,RU,50.6789,156.125,18.41,76,37,2.84,scattered clouds,2022-02-12 20:54:14
72,Namikupa,TZ,-10.8333,39.6,71.65,97,100,4.03,overcast clouds,2022-02-12 20:54:15
73,Velesin,CZ,48.8295,14.4625,32.61,74,8,3.98,clear sky,2022-02-12 20:54:15
74,Dingle,PH,10.9995,122.6711,74.01,94,40,7.43,scattered clouds,2022-02-12 20:54:15
75,Fairbanks,US,64.8378,-147.7164,0.91,73,0,0.0,clear sky,2022-02-12 20:51:34
76,Yerbogachen,RU,61.2767,108.0108,-21.3,100,97,1.74,overcast clouds,2022-02-12 20:54:16
77,Nowa Ruda,PL,50.5801,16.5016,33.75,74,44,6.6,scattered clouds,2022-02-12 20:54:16
78,Santa Maria,BR,-29.6842,-53.8069,79.9,69,0,4.61,clear sky,2022-02-12 20:54:16
79,Quakenbruck,DE,52.6833,7.95,37.63,73,63,14.07,broken clouds,2022-02-12 20:54:17
80,Rabo De Peixe,PT,37.8,-25.5833,61.29,81,75,14.97,broken clouds,2022-02-12 20:54:17
81,Humberto De Campos,BR,-2.5983,-43.4611,79.29,81,88,7.18,overcast clouds,2022-02-12 20:54:17
82,Grants,US,35.1473,-107.8514,44.83,31,0,0.0,clear sky,2022-02-12 20:54:17
83,Hilo,US,19.7297,-155.09,79.25,63,75,4.0,broken clouds,2022-02-12 20:52:35
84,Tamsalu,EE,59.1586,26.1153,31.32,97,100,12.93,light snow,2022-02-12 20:54:18
85,Hermanus,ZA,-34.4187,19.2345,68.81,83,100,1.3,overcast clouds,2022-02-12 20:54:07
86,Saskylakh,RU,71.9167,114.0833,-0.9,74,64,11.03,broken clouds,2022-02-12 20:51:17
87,Provideniya,RU,64.3833,-173.3,-9.72,81,11,5.12,few clouds,2022-02-12 20:54:18
88,Lianyuan,CN,27.6883,111.6642,39.43,96,100,2.26,overcast clouds,2022-02-12 20:54:19
89,Loukhi,RU,66.0764,33.0381,10.8,86,47,8.05,scattered clouds,2022-02-12 20:55:19
90,Gamba,GA,-2.65,10.0,77.4,91,100,5.46,moderate rain,2022-02-12 20:55:19
91,Brigantine,US,39.4101,-74.3646,60.21,68,25,10.69,scattered clouds,2022-02-12 20:55:20
92,Dikson,RU,73.5069,80.5464,-3.75,78,100,27.29,overcast clouds,2022-02-12 20:55:20
93,Tilichiki,RU,60.4667,166.1,-21.53,92,12,8.86,few clouds,2022-02-12 20:55:20
94,Rawson,AR,-43.3002,-65.1023,81.12,25,93,8.68,overcast clouds,2022-02-12 20:51:11
95,Shahr-E Babak,IR,30.1165,55.1186,42.94,82,73,6.2,broken clouds,2022-02-12 20:55:20
96,Dwarka,IN,22.2394,68.9678,69.76,54,2,10.29,clear sky,2022-02-12 20:55:21
97,Port Augusta,AU,-32.5,137.7667,59.14,23,92,3.53,overcast clouds,2022-02-12 20:55:21
98,Clyde River,CA,70.4692,-68.5914,-16.37,76,100,31.07,heavy snow,2022-02-12 20:55:22
99,Yellowknife,CA,62.456,-114.3525,-11.58,84,75,3.44,broken clouds,2022-02-12 20:52:28
100,Shache,CN,38.4167,77.2406,36.73,35,100,2.42,overcast clouds,2022-02-12 20:55:22
101,Lorengau,PG,-2.0226,147.2712,80.55,77,98,1.5,overcast clouds,2022-02-12 20:55:22
102,Avarua,CK,-21.2078,-159.775,82.45,74,100,4.61,overcast clouds,2022-02-12 20:55:22
103,Zyryanka,RU,65.75,150.85,-31.4,95,11,8.01,few clouds,2022-02-12 20:55:23
104,Isangel,VU,-19.55,169.2667,77.11,88,75,0.0,broken clouds,2022-02-12 20:55:23
105,Comodoro Rivadavia,AR,-45.8667,-67.5,85.86,23,0,13.8,clear sky,2022-02-12 20:51:50
106,Butaritari,KI,3.0707,172.7902,82.94,68,98,15.52,overcast clouds,2022-02-12 20:55:23
107,Camaqua,BR,-30.8511,-51.8122,77.0,74,98,9.57,overcast clouds,2022-02-12 20:55:24
108,Georgetown,MY,5.4112,100.3354,79.95,86,20,4.61,few clouds,2022-02-12 20:51:37
109,Busselton,AU,-33.65,115.3333,56.08,78,0,11.39,clear sky,2022-02-12 20:55:24
110,Matane,CA,48.8286,-67.522,31.75,99,100,10.49,snow,2022-02-12 20:55:24
111,Nanortalik,GL,60.1432,-45.2371,30.02,98,100,9.22,snow,2022-02-12 20:55:25
112,Parati,BR,-23.2178,-44.7131,92.3,96,94,2.01,overcast clouds,2022-02-12 20:55:25
113,Kirkwall,GB,58.9848,-2.9587,44.65,76,75,18.41,broken clouds,2022-02-12 20:50:38
114,Manggar,ID,-2.8833,108.2667,78.64,86,100,6.46,overcast clouds,2022-02-12 20:55:25
115,Lebu,CL,-37.6167,-73.65,66.47,63,21,11.39,few clouds,2022-02-12 20:52:26
116,Diu,IN,20.7141,70.9822,67.82,39,1,6.51,clear sky,2022-02-12 20:55:26
117,Muroto,JP,33.2833,134.15,51.31,64,100,13.56,overcast clouds,2022-02-12 20:55:26
118,Agua Prieta,MX,31.3,-109.5667,68.72,25,0,17.72,clear sky,2022-02-12 20:55:26
119,Port Hedland,AU,-20.3167,118.5667,84.25,89,44,8.05,scattered clouds,2022-02-12 20:55:27
120,Alugan,PH,12.2188,125.4808,77.47,86,94,13.78,overcast clouds,2022-02-12 20:55:27
121,Vaini,TO,-21.2,-175.2,82.56,83,20,9.22,few clouds,2022-02-12 20:55:27
122,Robertsport,LR,6.7533,-11.3686,79.92,84,10,12.46,clear sky,2022-02-12 20:55:28
123,Faanui,PF,-16.4833,-151.75,81.25,73,97,15.19,overcast clouds,2022-02-12 20:55:28
124,Vila Velha,BR,-20.3297,-40.2925,76.95,92,40,5.75,scattered clouds,2022-02-12 20:55:28
125,Hambantota,LK,6.1241,81.1185,76.14,85,80,9.55,broken clouds,2022-02-12 20:55:28
126,Taoudenni,ML,22.6783,-3.9836,65.93,19,0,10.42,clear sky,2022-02-12 20:55:29
127,Mount Gambier,AU,-37.8333,140.7667,62.51,67,78,10.36,broken clouds,2022-02-12 20:55:29
128,Kidal,ML,18.4411,1.4078,72.1,11,0,7.49,clear sky,2022-02-12 20:55:29
129,Saint-Francois,FR,46.4154,3.9054,33.67,86,0,4.61,clear sky,2022-02-12 20:55:30
130,Bloomfield,US,40.8068,-74.1854,57.45,39,0,18.41,clear sky,2022-02-12 20:51:28
131,Sitka,US,57.0531,-135.33,40.57,90,100,4.47,overcast clouds,2022-02-12 20:55:30
132,Yulara,AU,-25.2406,130.9889,67.84,45,0,6.91,clear sky,2022-02-12 20:55:30
133,Ribeira Grande,PT,38.5167,-28.7,61.2,88,75,21.85,broken clouds,2022-02-12 20:55:31
134,Martapura,ID,-3.4167,114.85,75.29,100,100,4.61,overcast clouds,2022-02-12 20:55:31
135,Chokurdakh,RU,70.6333,147.9167,-2.11,95,100,13.29,overcast clouds,2022-02-12 20:56:31
136,Tuatapere,NZ,-46.1333,167.6833,51.82,75,100,6.98,overcast clouds,2022-02-12 20:56:32
137,Upernavik,GL,72.7868,-56.1549,-0.22,95,100,11.07,overcast clouds,2022-02-12 20:55:18
138,Port Lincoln,AU,-34.7333,135.8667,69.1,49,100,4.76,overcast clouds,2022-02-12 20:56:32
139,Cabo San Lucas,MX,22.8909,-109.9124,84.51,36,20,6.91,few clouds,2022-02-12 20:55:43
140,Durango,MX,24.8333,-104.8333,63.68,12,14,10.78,few clouds,2022-02-12 20:53:36
141,Romilly-Sur-Seine,FR,48.5108,3.7263,36.09,73,71,6.71,broken clouds,2022-02-12 20:56:32
142,Kushnarenkovo,RU,55.105,55.3508,23.38,93,100,7.58,overcast clouds,2022-02-12 20:56:33
143,Epe,NG,6.5841,3.9834,78.04,88,70,5.77,broken clouds,2022-02-12 20:56:33
144,Saint-Philippe,RE,-21.3585,55.7679,78.35,82,31,11.21,scattered clouds,2022-02-12 20:56:33
145,San Quintin,MX,30.4833,-115.95,75.06,29,74,7.72,broken clouds,2022-02-12 20:56:34
146,Arraial Do Cabo,BR,-22.9661,-42.0278,76.86,88,75,6.91,mist,2022-02-12 20:56:34
147,Odweyne,SO,9.4092,45.064,63.23,64,100,9.89,overcast clouds,2022-02-12 20:56:34
148,Atikokan,CA,48.7555,-91.6216,-3.33,76,100,3.87,overcast clouds,2022-02-12 20:56:35
149,Tateyama,JP,34.9833,139.8667,41.05,58,51,0.63,broken clouds,2022-02-12 20:56:35
150,Gizycko,PL,54.0381,21.7644,30.11,71,83,11.79,broken clouds,2022-02-12 20:56:35
151,Benghazi,LY,32.1167,20.0667,56.25,64,0,3.15,clear sky,2022-02-12 20:56:36
152,Kungsbacka,SE,57.4872,12.0761,40.17,89,100,25.01,overcast clouds,2022-02-12 20:56:36
153,Ponta Do Sol,PT,32.6667,-17.1,63.23,57,22,5.37,few clouds,2022-02-12 20:56:36
154,Longyearbyen,SJ,78.2186,15.6401,10.24,72,0,13.8,clear sky,2022-02-12 20:56:36
155,Tasiilaq,GL,65.6145,-37.6368,3.2,65,100,4.47,overcast clouds,2022-02-12 20:56:37
156,Taltal,CL,-25.4,-70.4833,70.7,71,23,7.23,few clouds,2022-02-12 20:56:37
157,Viedma,AR,-40.8135,-62.9967,82.85,15,100,6.11,overcast clouds,2022-02-12 20:56:37
158,Souillac,MU,-20.5167,57.5167,80.98,83,40,9.22,light rain,2022-02-12 20:56:38
159,Mehamn,NO,71.0357,27.8492,27.05,76,90,21.36,light snow,2022-02-12 20:56:38
160,Oktyabrskoye,RU,43.0645,44.7417,24.94,100,8,6.71,clear sky,2022-02-12 20:56:34
161,Merauke,ID,-8.4667,140.3333,76.17,86,0,10.67,clear sky,2022-02-12 20:56:38
162,Cascais,PT,38.6979,-9.4215,56.46,70,14,15.01,few clouds,2022-02-12 20:56:38
163,Palmer,US,42.1584,-72.3287,55.47,37,75,14.97,broken clouds,2022-02-12 20:55:18
164,Minusinsk,RU,53.7103,91.6875,-28.01,52,82,1.36,broken clouds,2022-02-12 20:56:39
165,Pilar,BR,-9.5972,-35.9567,80.53,70,8,10.74,clear sky,2022-02-12 20:56:39
166,Ulladulla,AU,-35.35,150.4667,63.88,83,38,2.66,scattered clouds,2022-02-12 20:56:39
167,Narsaq,GL,60.9167,-46.05,28.18,98,100,2.68,snow,2022-02-12 20:56:40
168,Santa Ana,US,33.7456,-117.8678,94.82,13,20,9.22,few clouds,2022-02-12 20:53:55
169,The Pas,CA,53.8251,-101.2541,-3.98,65,0,6.91,clear sky,2022-02-12 20:56:40
170,Cabedelo,BR,-6.9811,-34.8339,84.87,74,50,10.09,scattered clouds,2022-02-12 20:56:40
171,Siniscola,IT,40.5719,9.6922,42.35,85,5,4.9,clear sky,2022-02-12 20:56:41
172,Kamienna Gora,PL,50.7831,16.0304,35.17,69,59,10.45,broken clouds,2022-02-12 20:56:41
173,Mandalgovi,MN,45.7625,106.2708,-8.41,81,12,6.55,few clouds,2022-02-12 20:56:41
174,Joao Pinheiro,BR,-17.7425,-46.1725,69.33,92,87,5.82,overcast clouds,2022-02-12 20:56:42
175,Mar Del Plata,AR,-38.0023,-57.5575,66.22,68,40,18.41,scattered clouds,2022-02-12 20:56:42
176,Ilulissat,GL,69.2167,-51.1,10.31,90,100,21.94,snow,2022-02-12 20:56:42
177,Labytnangi,RU,66.6572,66.4183,-16.26,100,100,6.6,overcast clouds,2022-02-12 20:53:31
178,Lokosovo,RU,61.1333,74.8167,-8.18,97,28,9.06,scattered clouds,2022-02-12 20:57:43
179,Lata,PT,40.1629,-8.3327,54.81,96,51,1.48,broken clouds,2022-02-12 20:57:43
180,Songea,TZ,-10.6833,35.65,63.66,98,100,1.52,light rain,2022-02-12 20:56:33
181,Sukhumi,GE,43.0033,41.0153,45.68,68,9,2.51,clear sky,2022-02-12 20:57:43
182,Leninsk,RU,48.7119,45.1994,31.86,98,100,11.5,light snow,2022-02-12 20:57:44
183,Broome,US,42.2506,-75.833,37.69,67,61,7.0,broken clouds,2022-02-12 20:57:44
184,Vardo,NO,70.3705,31.1107,26.58,66,11,15.37,few clouds,2022-02-12 20:57:44
185,Puerto Ayora,EC,-0.7393,-90.3518,85.96,85,98,5.01,overcast clouds,2022-02-12 20:57:44
186,Puerto Escondido,MX,15.85,-97.0667,85.53,48,21,6.35,few clouds,2022-02-12 20:57:45
187,Itigi,TZ,-5.7,34.4833,62.69,97,100,1.32,overcast clouds,2022-02-12 20:57:45
188,Llangefni,GB,53.2556,-4.3106,50.65,93,75,19.57,broken clouds,2022-02-12 20:57:45
189,Port Elizabeth,ZA,-33.918,25.5701,71.89,94,100,20.71,overcast clouds,2022-02-12 20:57:45
190,Svetlogorsk,BY,52.6333,29.7333,27.61,81,16,9.31,few clouds,2022-02-12 20:57:46
191,Kattivakkam,IN,13.2167,80.3167,79.07,79,6,7.34,clear sky,2022-02-12 20:57:46
192,Nyurba,RU,63.2842,118.3319,-27.11,100,98,3.15,overcast clouds,2022-02-12 20:57:46
193,Krasnoselkup,RU,65.7,82.4667,-7.6,91,5,12.01,clear sky,2022-02-12 20:57:47
194,Poum,NC,-20.2333,164.0167,81.16,74,100,4.09,overcast clouds,2022-02-12 20:57:47
195,Plettenberg Bay,ZA,-34.0527,23.3716,68.25,93,91,5.57,overcast clouds,2022-02-12 20:57:47
196,Salalah,OM,17.0151,54.0924,69.57,72,2,2.1,clear sky,2022-02-12 20:53:36
197,Tual,ID,-5.6667,132.75,82.56,71,23,3.96,few clouds,2022-02-12 20:57:48
198,Mpika,ZM,-11.8343,31.4529,59.09,98,95,2.37,overcast clouds,2022-02-12 20:57:48
199,Thompson,CA,55.7435,-97.8558,-5.64,49,0,6.91,clear sky,2022-02-12 20:57:02
200,Poyarkovo,RU,49.6,128.6833,0.93,96,100,7.18,overcast clouds,2022-02-12 20:57:48
201,Ankang,CN,32.68,109.0172,39.52,68,100,0.85,overcast clouds,2022-02-12 20:57:49
202,Kamina,CD,-8.7386,24.9906,63.54,95,87,2.89,light rain,2022-02-12 20:57:49
203,Erzin,TR,36.9559,36.2,41.52,70,43,2.73,scattered clouds,2022-02-12 20:57:49
204,Camabatela,AO,-8.1881,15.375,64.15,92,100,0.89,overcast clouds,2022-02-12 20:57:50
205,Wilmington,US,34.2257,-77.9447,66.97,53,100,6.17,overcast clouds,2022-02-12 20:54:36
206,Santa Cruz Del Sur,CU,20.7147,-77.9956,80.78,68,12,7.58,light rain,2022-02-12 20:57:50
207,Richards Bay,ZA,-28.783,32.0377,73.83,86,0,9.66,clear sky,2022-02-12 20:57:50
208,Barra Da Estiva,BR,-13.6261,-41.3269,70.95,78,52,2.51,broken clouds,2022-02-12 20:57:51
209,Sao Filipe,CV,14.8961,-24.4956,77.81,46,76,19.75,broken clouds,2022-02-12 20:57:51
210,Hovd,MN,48.0056,91.6419,-17.79,83,66,3.38,broken clouds,2022-02-12 20:57:51
211,Torbay,CA,47.6666,-52.7314,45.57,79,100,17.27,overcast clouds,2022-02-12 20:57:51
212,Natal,BR,-5.795,-35.2094,86.65,79,40,13.8,scattered clouds,2022-02-12 20:57:52
213,Maldonado,UY,-34.6667,-54.9167,63.79,88,100,16.62,overcast clouds,2022-02-12 20:55:27
214,Landeck,AT,47.1301,10.5636,28.08,62,62,7.96,broken clouds,2022-02-12 20:57:52
215,Kuah,MY,6.3265,99.8432,80.58,74,20,2.3,few clouds,2022-02-12 20:57:52
216,La Ronge,CA,55.1001,-105.2842,-7.35,49,75,5.75,broken clouds,2022-02-12 20:57:53
217,Saint-Augustin,CA,51.226,-58.6502,33.06,98,100,17.87,light snow,2022-02-12 20:57:53
218,Tiksi,RU,71.6872,128.8694,-7.98,89,91,14.83,overcast clouds,2022-02-12 20:57:53
219,Karratha,AU,-20.7377,116.8463,85.57,67,69,4.56,broken clouds,2022-02-12 20:57:54
220,San Patricio,US,28.017,-97.5169,62.87,63,100,25.81,overcast clouds,2022-02-12 20:57:54
221,Haines Junction,CA,60.7522,-137.5108,42.75,31,54,11.5,broken clouds,2022-02-12 20:53:36
222,Bilma,NE,18.6853,12.9164,64.78,16,0,7.94,clear sky,2022-02-12 20:57:54
223,Birin,NP,26.8865,88.0718,42.96,80,0,4.27,clear sky,2022-02-12 20:58:55
224,Dharur,IN,18.8167,76.1167,66.45,35,79,5.41,broken clouds,2022-02-12 20:58:55
225,Matara,LK,5.9485,80.5353,75.0,90,100,2.39,overcast clouds,2022-02-12 20:58:55
226,Yar-Sale,RU,66.8333,70.8333,-8.55,93,100,15.01,overcast clouds,2022-02-12 20:58:56
227,Samarai,PG,-10.6167,150.6667,80.85,69,80,8.39,broken clouds,2022-02-12 20:58:56
228,Manokwari,ID,-0.8667,134.0833,77.7,77,93,5.91,overcast clouds,2022-02-12 20:58:56
229,Strelka,RU,58.0728,93.0344,-5.06,91,7,7.92,clear sky,2022-02-12 20:58:56
230,Ambilobe,MG,-13.2,49.05,72.84,95,90,2.51,light rain,2022-02-12 20:58:57
231,Coquimbo,CL,-29.9533,-71.3436,69.53,68,20,12.66,few clouds,2022-02-12 20:58:57
232,Kheralu,IN,23.8833,72.6167,59.97,26,0,4.9,clear sky,2022-02-12 20:58:57
233,Iaciara,BR,-14.0958,-46.6317,72.54,89,81,1.81,broken clouds,2022-02-12 20:58:58
234,Mitsamiouli,KM,-11.3847,43.2844,79.12,79,100,7.45,overcast clouds,2022-02-12 20:58:58
235,Port-Gentil,GA,-0.7193,8.7815,82.36,83,40,8.05,scattered clouds,2022-02-12 20:58:58
236,Margate,GB,51.3813,1.3862,45.3,65,100,8.99,overcast clouds,2022-02-12 20:58:59
237,Esperance,AU,-33.8667,121.9,62.44,61,91,9.24,overcast clouds,2022-02-12 20:58:59
238,Saint-Pierre,RE,-21.3393,55.4781,78.44,78,20,4.61,few clouds,2022-02-12 20:58:59
239,Charleville,AU,-26.4,146.25,68.07,49,0,5.75,clear sky,2022-02-12 20:58:59
240,Rurrenabaque,BO,-14.4413,-67.5278,82.54,87,99,0.16,heavy intensity rain,2022-02-12 20:59:00
241,Tumaco,CO,1.7986,-78.8156,79.18,82,74,8.41,light rain,2022-02-12 20:59:00
242,Antalaha,MG,-14.9003,50.2788,73.15,92,33,5.41,scattered clouds,2022-02-12 20:59:00
243,Norman Wells,CA,65.282,-126.8329,-16.56,69,75,4.61,broken clouds,2022-02-12 20:54:13
244,Zhigansk,RU,66.7697,123.3711,-34.02,100,79,4.09,broken clouds,2022-02-12 20:54:12
245,Port Moresby,PG,-9.4431,147.1797,71.02,100,20,3.44,few clouds,2022-02-12 20:59:01
246,Harbin,CN,45.75,126.65,-13.05,100,61,0.94,broken clouds,2022-02-12 20:59:01
247,Smidovich,RU,48.6,133.8167,13.23,97,100,2.06,light snow,2022-02-12 20:59:01
248,Ahuimanu,US,21.4447,-157.8378,78.78,67,24,4.0,few clouds,2022-02-12 20:59:02
249,Zadonsk,RU,52.3904,38.9261,24.94,93,7,9.71,clear sky,2022-02-12 20:59:02
250,Panaba,MX,21.2833,-88.2667,84.18,58,63,7.02,broken clouds,2022-02-12 20:59:02
251,Mabai,CN,23.0128,104.4508,51.15,98,100,3.02,overcast clouds,2022-02-12 20:59:03
252,Ferkessedougou,CI,9.6,-5.2,80.31,12,31,3.8,scattered clouds,2022-02-12 20:59:03
253,Cidreira,BR,-30.1811,-50.2056,76.41,75,13,19.1,light rain,2022-02-12 20:57:43
254,Klaksvik,FO,62.2266,-6.589,38.32,86,99,4.32,overcast clouds,2022-02-12 20:59:03
255,Okahandja,NA,-21.9833,16.9167,71.83,71,100,5.14,light rain,2022-02-12 20:59:04
256,Birjand,IR,32.8663,59.2211,46.87,66,100,11.5,overcast clouds,2022-02-12 20:59:04
257,San Ramon,US,37.7799,-121.978,77.61,51,73,3.0,broken clouds,2022-02-12 20:56:46
258,Puerto Madryn,AR,-42.7692,-65.0385,77.05,27,66,11.79,broken clouds,2022-02-12 20:59:04
259,Araouane,ML,18.9048,-3.5265,65.28,15,0,9.57,clear sky,2022-02-12 20:59:04
260,Port Hardy,CA,50.6996,-127.4199,45.75,93,40,2.3,scattered clouds,2022-02-12 20:59:05
261,Ziyang,CN,29.2497,117.8547,45.19,98,100,1.77,light rain,2022-02-12 20:59:05
262,Alice Springs,AU,-23.7,133.8833,60.35,77,0,4.61,clear sky,2022-02-12 20:59:05
263,Yakeshi,CN,49.2833,120.7333,-29.85,100,100,1.97,overcast clouds,2022-02-12 20:55:20
264,Tucumcari,US,35.1717,-103.725,37.24,60,100,9.22,overcast clouds,2022-02-12 20:59:06
265,Townsville,AU,-19.25,146.8,76.08,78,40,6.91,scattered clouds,2022-02-12 20:56:29
266,Penzance,GB,50.1186,-5.5371,51.01,93,100,27.27,overcast clouds,2022-02-12 20:59:06
267,Paamiut,GL,61.994,-49.6678,19.35,95,100,8.01,light snow,2022-02-12 20:59:06
268,Sobolevo,RU,54.4299,31.8996,24.37,88,23,13.89,few clouds,2022-02-12 20:59:07
269,Ouadda,CF,8.0777,22.4007,75.42,21,60,7.45,broken clouds,2022-02-12 20:59:07
270,Sakakah,SA,29.9697,40.2064,51.37,38,0,4.83,clear sky,2022-02-12 20:59:07
271,San Cristobal,VE,7.7669,-72.225,77.18,39,98,5.53,overcast clouds,2022-02-12 20:59:08
272,Saint George,US,37.1041,-113.5841,70.27,13,0,4.61,clear sky,2022-02-12 20:55:28
273,Kenai,US,60.5544,-151.2583,27.14,93,100,3.44,mist,2022-02-12 21:00:08
274,Hirara,JP,24.8,125.2833,69.75,86,100,10.04,moderate rain,2022-02-12 21:00:09
275,Lubango,AO,-14.9172,13.4925,58.89,65,73,3.65,broken clouds,2022-02-12 20:55:20
276,Chavakkad,IN,10.5333,76.05,78.17,84,35,7.49,scattered clouds,2022-02-12 21:00:10
277,Nantucket,US,41.2835,-70.0995,53.96,77,54,19.93,broken clouds,2022-02-12 21:00:11
278,Chumikan,RU,54.7183,135.315,4.28,89,100,3.24,overcast clouds,2022-02-12 21:00:11
279,Qurayyat,SA,31.3318,37.3428,50.85,45,0,1.16,clear sky,2022-02-12 21:00:11
280,Namibe,AO,-15.1961,12.1522,75.42,82,87,6.62,overcast clouds,2022-02-12 20:58:59
281,Necochea,AR,-38.5473,-58.7368,70.03,49,1,9.04,clear sky,2022-02-12 21:00:12
282,Inhambane,MZ,-23.865,35.3833,75.07,74,5,9.55,clear sky,2022-02-12 21:00:12
283,Phan Thiet,VN,10.9333,108.1,74.39,82,61,6.76,broken clouds,2022-02-12 21:00:13
284,Los Llanos De Aridane,ES,28.6585,-17.9182,62.35,76,40,14.97,scattered clouds,2022-02-12 21:00:14
285,Ponta Delgada,PT,37.7333,-25.6667,62.51,82,75,14.97,broken clouds,2022-02-12 21:00:14
286,Komsomolskiy,UZ,40.4272,71.7189,38.62,93,100,4.61,fog,2022-02-12 21:00:14
287,Fort Nelson,CA,58.8053,-122.7002,21.6,91,100,0.98,overcast clouds,2022-02-12 21:00:14
288,Kamaishi,JP,39.2667,141.8833,32.22,66,72,5.19,broken clouds,2022-02-12 21:00:15
289,Kizilskoye,RU,52.7255,58.8937,5.34,99,73,4.23,broken clouds,2022-02-12 21:00:15
290,Jaisalmer,IN,26.9147,70.9181,65.75,18,0,8.9,clear sky,2022-02-12 21:00:15
291,Shubarkuduk,KZ,49.1447,56.4872,16.57,99,100,3.87,overcast clouds,2022-02-12 21:00:16
292,Katsuura,JP,35.1333,140.3,41.14,59,38,3.36,scattered clouds,2022-02-12 21:00:16
293,Vanavara,RU,60.34,102.2797,-15.14,100,97,2.75,overcast clouds,2022-02-12 21:00:16
294,Arvika,SE,59.6553,12.5852,38.1,96,100,14.25,overcast clouds,2022-02-12 21:00:17
295,Ilembula,TZ,-8.9,34.5833,61.72,96,100,2.1,light rain,2022-02-12 21:00:17
296,Bafoulabe,ML,13.8065,-10.8321,79.77,10,5,5.93,clear sky,2022-02-12 21:00:18
297,Yangshe,CN,31.8899,120.6052,44.04,91,100,1.01,light rain,2022-02-12 21:00:18
298,Tevaitoa,PF,-16.7833,-151.5,81.3,74,92,14.79,light rain,2022-02-12 21:00:18
299,Khatanga,RU,71.9667,102.5,-19.35,89,48,3.8,scattered clouds,2022-02-12 21:00:19
300,Bredasdorp,ZA,-34.5322,20.0403,68.29,80,100,2.89,overcast clouds,2022-02-12 21:00:19
301,College,US,64.8569,-147.8028,0.9,73,100,1.45,overcast clouds,2022-02-12 21:00:19
302,Shimoda,JP,34.6667,138.95,41.11,72,97,0.74,light rain,2022-02-12 20:56:30
303,Baraki Barak,AF,33.9675,68.9486,16.09,68,59,2.86,broken clouds,2022-02-12 21:00:20
304,Hamilton,US,39.1834,-84.5333,31.44,77,100,3.0,overcast clouds,2022-02-12 20:57:01
305,Kathmandu,NP,27.7167,85.3167,44.82,93,20,3.44,few clouds,2022-02-12 21:00:06
306,Lavrentiya,RU,65.5833,-171.0,-15.9,93,11,7.65,few clouds,2022-02-12 21:00:21
307,Kieta,PG,-6.2167,155.6333,80.01,73,100,1.99,overcast clouds,2022-02-12 21:00:21
308,Miracema Do Tocantins,BR,-9.5618,-48.3967,78.1,90,93,3.29,overcast clouds,2022-02-12 21:00:21
309,Bowen,AU,-20.0167,148.2333,77.23,72,21,12.12,few clouds,2022-02-12 21:00:22
310,Freeport,US,40.6576,-73.5832,57.38,40,81,13.0,broken clouds,2022-02-12 20:57:01
311,Sao Joao Da Barra,BR,-21.6403,-41.0511,74.8,86,96,5.57,overcast clouds,2022-02-12 21:00:22
312,Beringovskiy,RU,63.05,179.3167,-25.44,95,11,7.25,few clouds,2022-02-12 21:00:23
313,Panormos,GR,35.4182,24.6909,54.66,72,47,4.85,scattered clouds,2022-02-12 21:00:23
314,Kanigoro,ID,-8.13,112.219,72.32,94,99,5.41,moderate rain,2022-02-12 21:00:23
315,Umm Lajj,SA,25.0213,37.2685,67.93,25,0,21.97,clear sky,2022-02-12 21:00:23
316,Zapolyarnyy,RU,69.4154,30.8136,0.68,97,14,5.91,few clouds,2022-02-12 21:00:24
317,Channel-Port Aux Basques,CA,47.5702,-59.1367,38.73,98,100,26.31,overcast clouds,2022-02-12 21:00:24
318,Talnakh,RU,69.4865,88.3972,-8.82,79,17,9.13,few clouds,2022-02-12 21:00:25
319,Husavik,IS,66.0449,-17.3389,16.86,86,95,7.54,overcast clouds,2022-02-12 21:00:25
320,Zhezkazgan,KZ,47.8043,67.7144,26.58,93,100,22.37,overcast clouds,2022-02-12 21:00:25
321,Ajdabiya,LY,30.7554,20.2263,53.89,64,0,3.49,clear sky,2022-02-12 21:01:26
322,Lexington,US,37.9887,-84.4777,34.25,71,100,11.03,overcast clouds,2022-02-12 20:57:35
323,Faya,SA,18.3851,42.4509,55.74,63,2,7.16,clear sky,2022-02-12 21:01:26
324,Baykalsk,RU,51.5058,104.1469,-11.92,87,57,5.95,broken clouds,2022-02-12 21:01:26
325,Ancud,CL,-41.8697,-73.8203,80.22,65,71,5.14,broken clouds,2022-02-12 21:01:27
326,Honningsvag,NO,70.9821,25.9704,29.75,64,100,24.52,light snow,2022-02-12 21:01:27
327,Bambous Virieux,MU,-20.3428,57.7575,80.85,83,40,9.22,moderate rain,2022-02-12 20:58:51
328,Shahumyan,AM,39.9385,44.5697,30.52,56,4,2.44,clear sky,2022-02-12 21:01:27
329,Vangaindrano,MG,-23.35,47.6,73.81,86,50,6.73,scattered clouds,2022-02-12 21:01:28
330,Lasa,IT,46.6166,10.7002,29.03,48,30,1.52,scattered clouds,2022-02-12 21:01:28
331,Nouadhibou,MR,20.931,-17.0347,66.9,69,59,19.82,broken clouds,2022-02-12 21:01:28
332,Teguldet,RU,57.3064,88.1667,-0.69,89,6,9.98,clear sky,2022-02-12 21:01:29
333,Asau,RO,46.4333,26.4,30.76,93,81,2.46,broken clouds,2022-02-12 21:01:29
334,Rocha,UY,-34.4833,-54.3333,65.8,93,100,16.28,overcast clouds,2022-02-12 21:01:09
335,Mount Isa,AU,-20.7333,139.5,73.17,100,75,2.3,broken clouds,2022-02-12 21:01:29
336,Avera,US,33.194,-82.5271,71.71,35,97,7.45,overcast clouds,2022-02-12 21:01:30
337,Sisimiut,GL,66.9395,-53.6735,11.16,81,100,26.44,overcast clouds,2022-02-12 21:01:30
338,Berlevag,NO,70.8578,29.0864,24.26,77,63,21.97,broken clouds,2022-02-12 21:01:30
339,Kyshtovka,RU,56.555,76.6271,-2.54,94,11,10.16,few clouds,2022-02-12 21:01:30
340,Gayeri,BF,12.6497,0.4931,79.41,10,15,7.56,few clouds,2022-02-12 21:01:31
341,La Roda,ES,39.2167,-2.15,49.73,58,100,8.25,overcast clouds,2022-02-12 21:01:31
342,Jatiroto,ID,-7.8833,111.1167,73.06,93,100,3.13,moderate rain,2022-02-12 21:01:31
343,Okhotsk,RU,59.3833,143.3,-14.96,81,8,8.75,clear sky,2022-02-12 21:01:32
344,Alto Araguaia,BR,-17.3147,-53.2153,78.64,78,68,5.46,moderate rain,2022-02-12 21:01:32
345,Peniche,PT,39.3558,-9.3811,55.62,86,22,10.63,few clouds,2022-02-12 21:01:32
346,Killybegs,IE,54.6333,-8.45,45.45,82,100,17.54,overcast clouds,2022-02-12 21:01:33
347,Biltine,TD,14.5333,20.9167,73.69,11,18,7.74,few clouds,2022-02-12 21:01:33
348,Vila,PT,42.0304,-8.1588,40.75,89,70,3.29,broken clouds,2022-02-12 21:01:33
349,Pitiquito,MX,30.7,-112.0833,85.39,8,0,9.15,clear sky,2022-02-12 21:01:34
350,Dublin,US,37.7021,-121.9358,79.07,46,78,3.0,broken clouds,2022-02-12 21:00:01
351,Bonthe,SL,7.5264,-12.505,78.12,85,9,10.22,clear sky,2022-02-12 21:01:34
352,Aklavik,CA,68.2191,-135.0107,-27.33,95,96,4.85,overcast clouds,2022-02-12 21:01:34
353,Fort-Shevchenko,KZ,44.5086,50.263,41.38,93,89,11.59,overcast clouds,2022-02-12 21:01:34
354,Mahibadhoo,MV,3.7833,72.9667,80.62,74,100,2.44,overcast clouds,2022-02-12 21:01:35
355,Mopipi,BW,-21.1833,24.8833,83.26,31,100,16.49,overcast clouds,2022-02-12 21:01:35
356,Rancho Santa Margarita,US,33.6409,-117.6031,88.95,12,4,1.43,clear sky,2022-02-12 21:01:35
357,Urumqi,CN,43.801,87.6005,9.55,92,75,2.24,mist,2022-02-12 20:58:02
358,Zhob,PK,31.3411,69.4481,49.06,32,0,2.24,clear sky,2022-02-12 21:01:36
359,Abbeville,FR,50.1,1.8333,38.5,68,91,8.93,overcast clouds,2022-02-12 21:00:26
360,Matola,MZ,-25.9622,32.4589,78.51,78,20,3.44,few clouds,2022-02-12 21:01:36
361,Cosamaloapan,MX,18.3667,-95.8,81.77,61,79,7.45,broken clouds,2022-02-12 21:01:37
362,Kununurra,AU,-15.7667,128.7333,76.98,100,52,2.3,broken clouds,2022-02-12 21:01:25
363,Chuy,UY,-33.6971,-53.4616,67.93,97,100,9.31,overcast clouds,2022-02-12 21:01:37
364,Niquelandia,BR,-14.4739,-48.4597,74.89,90,92,2.89,overcast clouds,2022-02-12 21:00:32
365,Petropavlovka,RU,50.6114,105.3196,-17.63,98,99,2.13,overcast clouds,2022-02-12 21:01:37
366,Codrington,AU,-38.2667,141.9667,73.63,43,89,12.75,overcast clouds,2022-02-12 21:01:38
367,Mokrousovo,RU,55.8103,66.7653,-7.38,100,100,1.36,overcast clouds,2022-02-12 21:01:38
368,Hami,CN,42.8,93.45,27.75,52,81,2.77,broken clouds,2022-02-12 21:01:38
369,Klyuchi,RU,52.2667,79.1667,17.2,95,100,11.05,overcast clouds,2022-02-12 21:02:39
370,Lypnyazhka,UA,48.4469,31.0761,30.38,89,37,6.93,scattered clouds,2022-02-12 21:02:39
371,Barcelos,PT,41.5388,-8.6151,51.85,92,33,2.55,scattered clouds,2022-02-12 21:02:39
372,Vestmanna,FO,62.1564,-7.1664,36.52,93,75,0.0,broken clouds,2022-02-12 21:02:40
373,Lincoln,US,40.8,-96.667,42.01,48,22,5.01,few clouds,2022-02-12 21:00:13
374,Khandbari,NP,27.3747,87.2039,48.52,63,1,3.09,clear sky,2022-02-12 21:02:40
375,Anton Lizardo,MX,19.05,-95.9833,78.22,79,94,13.15,overcast clouds,2022-02-12 21:02:40
376,Mindelo,CV,16.8901,-24.9804,71.55,73,100,17.98,overcast clouds,2022-02-12 21:02:40
377,Danao,PH,10.5208,124.0272,77.41,87,78,8.21,broken clouds,2022-02-12 21:02:41
378,Jacareacanga,BR,-6.2222,-57.7528,78.98,94,100,1.9,moderate rain,2022-02-12 21:02:41
379,Sandovo,RU,58.4602,36.4128,27.57,95,100,12.82,light snow,2022-02-12 21:02:41
380,Asfi,MA,32.2994,-9.2372,58.24,85,2,13.35,clear sky,2022-02-12 21:02:42
381,Bubaque,GW,11.2833,-15.8333,78.87,68,0,11.07,clear sky,2022-02-12 20:57:45
382,Lianran,CN,24.9227,102.485,41.29,61,1,0.43,clear sky,2022-02-12 21:02:42
383,Bardiyah,LY,31.7561,25.0865,55.8,66,0,7.11,clear sky,2022-02-12 21:02:42
384,Chibuto,MZ,-24.6867,33.5306,69.76,85,2,4.94,clear sky,2022-02-12 21:02:43
385,Dongying,CN,37.4564,118.4856,32.47,71,100,13.27,overcast clouds,2022-02-12 21:02:43
386,Mercedes,AR,-34.6515,-59.4307,71.83,29,0,13.44,clear sky,2022-02-12 21:02:43
387,Varhaug,NO,58.6147,5.6457,42.89,94,100,28.05,overcast clouds,2022-02-12 21:02:44
388,Ruteng,ID,-8.6136,120.4721,61.81,89,99,0.43,overcast clouds,2022-02-12 21:02:44
389,Nueva Guinea,NI,11.6876,-84.4562,86.74,46,43,15.93,scattered clouds,2022-02-12 21:02:45
390,Touros,BR,-5.1989,-35.4608,80.24,77,30,8.84,scattered clouds,2022-02-12 21:02:45
391,Saint-Louis,SN,16.3333,-15.0,76.37,14,76,12.15,broken clouds,2022-02-12 21:02:45
392,Salinas,US,36.6777,-121.6555,85.01,28,0,14.97,clear sky,2022-02-12 21:00:40
393,Srednekolymsk,RU,67.45,153.6833,-31.67,98,95,7.31,overcast clouds,2022-02-12 21:02:46
394,Kulob,TJ,37.9145,69.783,47.16,81,75,2.24,broken clouds,2022-02-12 21:02:46
395,Arrecife,ES,28.963,-13.5477,64.47,77,20,6.91,few clouds,2022-02-12 21:00:02
396,Palenque,MX,17.5167,-91.9667,84.36,70,20,0.0,few clouds,2022-02-12 21:02:47
397,Hofn,IS,64.2539,-15.2082,24.21,68,100,19.82,overcast clouds,2022-02-12 21:02:47
398,Senanga,ZM,-16.1167,23.2667,67.96,89,100,3.0,overcast clouds,2022-02-12 21:02:47
399,Medvezhyegorsk,RU,62.9167,34.4667,13.53,97,88,4.97,overcast clouds,2022-02-12 21:00:18
400,Mount Barker,AU,-35.0667,138.8667,72.1,37,89,5.99,overcast clouds,2022-02-12 21:02:48
401,Kallupatti,IN,9.7167,77.8667,75.18,71,98,5.03,overcast clouds,2022-02-12 21:02:48
402,Teknaf,BD,20.8624,92.3058,59.77,60,99,11.79,overcast clouds,2022-02-12 21:02:48
403,Las Lomas,PA,8.4333,-82.4,87.26,53,52,9.15,broken clouds,2022-02-12 21:02:48
404,Auki,SB,-8.7676,160.7034,76.95,89,100,1.63,overcast clouds,2022-02-12 21:02:49
405,Acapulco,MX,16.8634,-99.8901,84.87,49,100,9.51,overcast clouds,2022-02-12 20:59:45
406,Sabha,LY,27.0377,14.4283,53.53,29,0,7.52,clear sky,2022-02-12 21:02:49
407,San Joaquin,US,37.9333,-121.3011,77.52,44,0,3.44,clear sky,2022-02-12 21:02:49
408,Bathsheba,BB,13.2167,-59.5167,78.87,66,13,19.08,few clouds,2022-02-12 21:00:17
409,Harper,LR,4.375,-7.7169,78.44,84,7,5.08,clear sky,2022-02-12 21:02:50
410,Mbandaka,CD,0.0487,18.2603,82.0,49,81,2.75,broken clouds,2022-02-12 21:02:50
411,Ust-Uda,RU,54.1742,103.0304,-30.87,100,90,1.66,overcast clouds,2022-02-12 21:02:50
412,Merritt,CA,50.1123,-120.7942,32.45,64,13,1.9,few clouds,2022-02-12 21:02:51
413,Trairi,BR,-3.2778,-39.2689,79.41,78,78,7.61,broken clouds,2022-02-12 21:02:51
414,California City,US,35.1258,-117.9859,74.93,12,0,8.05,haze,2022-02-12 21:03:51
415,Santiago Do Cacem,PT,38.0169,-8.6948,54.03,81,63,6.35,broken clouds,2022-02-12 21:03:52
416,Saint Anthony,US,45.0205,-93.218,5.83,61,100,8.05,overcast clouds,2022-02-12 21:03:52
417,Vila Franca Do Campo,PT,37.7167,-25.4333,62.2,86,100,10.45,overcast clouds,2022-02-12 21:03:52
418,Candelaria,PH,13.9311,121.4233,73.18,96,90,3.33,overcast clouds,2022-02-12 21:03:53
419,Kirksville,US,40.1948,-92.5833,23.05,54,0,5.01,clear sky,2022-02-12 21:00:39
420,Pointe Michel,DM,15.25,-61.3833,77.59,72,15,16.58,few clouds,2022-02-12 21:03:53
421,Mariental,NA,-24.6333,17.9667,76.15,57,13,1.54,few clouds,2022-02-12 21:01:38
422,Berdigestyakh,RU,62.0989,126.6992,-20.25,99,100,2.57,overcast clouds,2022-02-12 21:03:53
423,Conceicao Do Rio Verde,BR,-21.8808,-45.0853,71.29,88,15,0.65,few clouds,2022-02-12 21:03:54
424,Nong Han,TH,17.3608,103.1053,75.99,79,100,6.11,overcast clouds,2022-02-12 21:03:54
425,Plouzane,FR,48.3833,-4.6167,48.38,81,100,14.97,overcast clouds,2022-02-12 21:03:54
426,Walvis Bay,NA,-22.9575,14.5053,71.1,81,89,3.38,light rain,2022-02-12 21:03:52
427,Iquique,CL,-20.2208,-70.1431,73.44,66,3,11.61,clear sky,2022-02-12 21:03:55
428,Troitskoye,RU,52.9821,84.6757,-6.83,100,10,5.06,clear sky,2022-02-12 21:03:55
429,Sioux Lookout,CA,50.1001,-91.917,-4.54,75,100,3.87,overcast clouds,2022-02-12 21:03:55
430,Muros,ES,42.7762,-9.0603,51.24,92,7,5.21,clear sky,2022-02-12 21:03:56
431,Puerto Del Rosario,ES,28.5004,-13.8627,64.15,88,0,9.22,clear sky,2022-02-12 21:03:56
432,Charkhi Dadri,IN,28.6,76.2667,52.39,44,0,3.29,clear sky,2022-02-12 21:03:56
433,Fare,PF,-16.7,-151.0167,81.34,71,97,13.27,overcast clouds,2022-02-12 21:03:57
434,Genhe,CN,50.7833,121.5167,-24.32,100,42,1.43,scattered clouds,2022-02-12 21:03:57
435,Havelock,US,34.8791,-76.9013,71.56,65,100,8.01,overcast clouds,2022-02-12 21:03:57
436,Ostrovnoy,RU,68.0531,39.5131,6.8,96,61,4.05,broken clouds,2022-02-12 21:03:57
437,Sampit,ID,-2.5333,112.95,72.61,94,98,2.17,overcast clouds,2022-02-12 21:03:58
438,Isla Mujeres,MX,21.2311,-86.731,80.65,80,9,7.11,clear sky,2022-02-12 20:59:03
439,Bull Savanna,JM,17.8868,-77.5902,77.38,75,28,16.08,scattered clouds,2022-02-12 21:03:58
440,Starosubkhangulovo,RU,53.1031,57.4423,2.39,100,90,0.38,overcast clouds,2022-02-12 21:03:58
441,Duns,GB,55.777,-2.3457,45.41,91,39,20.24,scattered clouds,2022-02-12 21:03:59
442,Arman,RU,59.7,150.1667,-8.41,81,100,7.31,overcast clouds,2022-02-12 21:03:59
443,Tessalit,ML,20.1986,1.0114,68.67,12,0,7.47,clear sky,2022-02-12 21:03:59
444,Minas,UY,-34.3759,-55.2377,62.53,88,100,16.42,overcast clouds,2022-02-12 21:01:08
445,Saint-Joseph,RE,-21.3667,55.6167,77.36,82,16,9.44,few clouds,2022-02-12 21:04:00
446,Nicoya,CR,10.1483,-85.452,89.15,41,46,9.01,scattered clouds,2022-02-12 21:04:00
447,Urusha,RU,54.05,122.9,-20.63,96,60,3.18,broken clouds,2022-02-12 20:59:05
448,Prado,BR,-17.3411,-39.2208,78.94,81,93,6.15,overcast clouds,2022-02-12 21:04:00
449,Trat,TH,12.5,102.5,82.98,95,74,1.57,broken clouds,2022-02-12 21:04:01
450,Neiafu,TO,-18.65,-173.9833,81.28,83,40,6.91,scattered clouds,2022-02-12 21:04:01
451,Arica,CL,-18.475,-70.3042,76.55,64,0,8.05,clear sky,2022-02-12 21:04:01
452,Sovetskiy,RU,61.3614,63.5842,0.19,98,100,5.88,overcast clouds,2022-02-12 21:04:01
453,Saveh,IR,35.0213,50.3566,43.34,70,1,3.49,clear sky,2022-02-12 21:04:02
454,Orlik,RU,52.5178,99.825,-24.93,99,93,1.86,overcast clouds,2022-02-12 21:04:02
455,Ugoofaaru,MV,5.6667,73.0,80.65,75,100,4.99,overcast clouds,2022-02-12 21:04:02
456,Cap Malheureux,MU,-19.9842,57.6142,81.09,81,8,5.01,clear sky,2022-02-12 21:04:03
457,Bosaso,SO,11.2842,49.1816,75.09,71,80,4.18,broken clouds,2022-02-12 21:02:36
458,Nizhniy Kuranakh,RU,58.8353,125.4869,-33.05,99,91,1.74,overcast clouds,2022-02-12 21:04:03
459,Guerrero Negro,MX,27.9769,-114.0611,75.49,27,100,4.27,overcast clouds,2022-02-12 21:05:04
460,Lucea,JM,18.451,-78.1736,79.86,72,14,12.37,few clouds,2022-02-12 21:05:04
461,Riyadh,SA,24.6877,46.7219,53.22,34,0,10.83,clear sky,2022-02-12 21:02:28
462,Namatanai,PG,-3.6667,152.4333,78.89,81,100,2.1,light rain,2022-02-12 21:05:04
463,Hanzhong,CN,33.0728,107.0303,37.81,72,7,2.26,clear sky,2022-02-12 21:05:05
464,North Fort Myers,US,26.6673,-81.8801,86.25,36,0,3.44,clear sky,2022-02-12 21:05:05
465,Codajas,BR,-3.8367,-62.0569,81.82,89,94,2.33,overcast clouds,2022-02-12 21:05:06
466,Caluquembe,AO,-13.7833,14.6833,62.1,64,81,5.46,broken clouds,2022-02-12 21:05:06
467,Vaitape,PF,-16.5167,-151.75,81.27,73,97,15.17,overcast clouds,2022-02-12 21:01:14
468,Turayf,SA,31.6725,38.6637,46.09,49,0,2.3,clear sky,2022-02-12 21:05:06
469,Okha,RU,53.5739,142.9478,5.68,94,86,7.63,overcast clouds,2022-02-12 21:05:07
470,Along,IN,28.1667,94.7667,44.53,78,4,3.18,clear sky,2022-02-12 21:05:07
471,Airai,TL,-8.9266,125.4092,58.55,92,82,2.28,broken clouds,2022-02-12 21:05:07
472,Mus,TR,39.0,41.75,6.8,87,62,5.79,broken clouds,2022-02-12 21:04:47
473,Mandera,KE,3.9366,41.867,81.37,24,89,9.53,overcast clouds,2022-02-12 21:05:08
474,Ardabil,IR,38.2498,48.2933,28.62,71,3,5.59,clear sky,2022-02-12 21:05:08
475,Alberton,CA,46.8168,-64.0654,37.67,100,100,13.56,overcast clouds,2022-02-12 21:00:44
476,Niono,ML,14.2526,-5.993,74.07,12,3,8.25,clear sky,2022-02-12 21:05:09
477,Victoria Point,AU,-27.5833,153.3,72.16,75,76,4.0,broken clouds,2022-02-12 21:05:09
478,Tommot,RU,58.9564,126.2925,-33.5,100,79,1.32,broken clouds,2022-02-12 21:05:09
479,Huntington,US,38.4193,-82.4452,43.38,59,100,8.05,overcast clouds,2022-02-12 21:01:05
480,Wattegama,LK,6.7989,81.4808,72.57,94,100,4.45,overcast clouds,2022-02-12 21:05:10
481,Owensboro,US,37.7742,-87.1133,28.18,47,100,10.63,overcast clouds,2022-02-12 21:02:39
482,Sahiwal,PK,30.6667,73.1,51.73,48,0,6.46,clear sky,2022-02-12 21:05:10
483,Charagua,BO,-19.8,-63.2167,69.37,84,100,11.27,overcast clouds,2022-02-12 21:05:10
484,Malaryta,BY,51.7905,24.074,28.29,81,30,6.6,scattered clouds,2022-02-12 21:05:11
485,Xinyu,CN,27.8043,114.9334,43.43,96,100,2.98,overcast clouds,2022-02-12 21:01:37
486,Buala,SB,-8.145,159.5921,79.56,81,100,2.51,overcast clouds,2022-02-12 21:05:11
487,Hoquiam,US,46.9809,-123.8893,61.43,63,0,12.66,clear sky,2022-02-12 21:05:12
488,Half Moon Bay,US,37.4636,-122.4286,81.14,44,40,0.0,scattered clouds,2022-02-12 21:05:12
489,Ejido,VE,8.5514,-71.2375,72.68,72,100,3.51,overcast clouds,2022-02-12 21:05:12
490,Saint-Georges,GD,12.0564,-61.7485,78.44,72,92,14.67,overcast clouds,2022-02-12 21:02:42
491,Iqaluit,CA,63.7506,-68.5145,-35.86,98,96,3.33,overcast clouds,2022-02-12 21:05:13
492,Khani,GE,41.9563,42.9566,31.57,81,4,5.86,clear sky,2022-02-12 21:05:13
493,Naron,ES,43.5167,-8.1528,51.67,88,5,6.53,clear sky,2022-02-12 21:05:13
494,Zharkent,KZ,44.1628,80.0,27.12,93,98,2.8,overcast clouds,2022-02-12 21:05:14
495,Boguchany,RU,58.3814,97.4531,-20.99,100,42,2.95,scattered clouds,2022-02-12 21:05:14
496,Xiongyue,CN,40.1774,122.1228,19.72,65,100,13.96,overcast clouds,2022-02-12 21:05:14
497,Casper,US,42.8666,-106.3131,37.51,58,20,21.85,few clouds,2022-02-12 21:05:15
498,Red Bank,US,40.3471,-74.0643,58.19,36,77,12.91,broken clouds,2022-02-12 21:01:05
499,Puerto Colombia,CO,10.9878,-74.9547,81.97,73,8,24.72,clear sky,2022-02-12 21:02:28
500,Te Anau,NZ,-45.4167,167.7167,47.43,86,95,4.74,overcast clouds,2022-02-12 21:05:16
501,Bakel,SN,14.905,-12.4568,77.13,11,27,10.6,scattered clouds,2022-02-12 21:05:16
502,Ivdel,RU,60.6911,60.4206,-2.97,100,100,1.34,overcast clouds,2022-02-12 21:05:16
503,Ahipara,NZ,-35.1667,173.1667,68.09,76,84,22.1,broken clouds,2022-02-12 21:04:22
504,Toora-Khem,RU,52.4675,96.11,-26.27,100,96,1.34,overcast clouds,2022-02-12 21:05:17
505,Gidole,ET,5.65,37.3667,66.78,35,74,1.86,broken clouds,2022-02-12 21:05:17
506,Gizo,SB,-8.103,156.8419,81.25,73,77,2.71,broken clouds,2022-02-12 21:06:17
507,Falavarjan,IR,32.5553,51.5097,38.41,67,93,5.82,overcast clouds,2022-02-12 21:06:18
508,Leningradskiy,RU,69.3833,178.4167,-18.81,97,97,4.12,overcast clouds,2022-02-12 21:06:18
509,Oussouye,SN,12.485,-16.5469,81.12,20,2,9.4,clear sky,2022-02-12 21:06:18
510,Lafia,NG,8.4833,8.5167,85.41,10,84,1.72,broken clouds,2022-02-12 21:06:18
511,Dabola,GN,10.75,-11.1167,77.94,14,0,2.68,clear sky,2022-02-12 21:06:19
512,Takoradi,GH,4.8845,-1.7554,79.86,82,95,6.42,overcast clouds,2022-02-12 21:04:10
513,Khorramshahr,IR,30.4397,48.1664,51.75,53,35,3.56,scattered clouds,2022-02-12 21:06:19
514,Aswan,EG,24.0934,32.907,59.02,44,0,10.76,clear sky,2022-02-12 21:06:20
515,Belmonte,BR,-15.8631,-38.8828,81.1,75,39,6.31,scattered clouds,2022-02-12 21:06:20
516,Leshukonskoye,RU,64.8989,45.7622,10.63,98,94,5.7,overcast clouds,2022-02-12 21:06:20
517,Owatonna,US,44.0839,-93.226,6.84,69,75,8.05,broken clouds,2022-02-12 21:04:53
518,Westport,US,41.1415,-73.3579,57.24,40,0,18.41,clear sky,2022-02-12 21:06:21
519,Ternate,ID,0.8,127.4,80.08,77,100,3.49,overcast clouds,2022-02-12 21:06:21
520,Salantai,LT,56.0667,21.5667,36.9,74,53,16.06,broken clouds,2022-02-12 21:06:21
521,Pauini,BR,-7.7136,-66.9764,90.01,53,35,1.1,scattered clouds,2022-02-12 21:06:22
522,Mariahu,IN,25.6167,82.6167,50.38,56,0,3.58,clear sky,2022-02-12 21:06:22
523,General Pico,AR,-35.6566,-63.7568,71.31,31,0,7.92,clear sky,2022-02-12 21:06:22
524,Ucluelet,CA,48.9329,-125.5528,50.09,82,0,1.01,clear sky,2022-02-12 21:04:28
525,Lagoa,PT,39.05,-27.9833,60.26,89,99,21.81,overcast clouds,2022-02-12 21:05:44
526,Sivas,TR,39.7916,37.0019,9.23,85,0,6.91,clear sky,2022-02-12 21:06:23
527,Pindi Gheb,PK,33.2402,72.2661,52.65,35,1,4.59,clear sky,2022-02-12 21:06:23
528,Mikkeli,FI,61.6886,27.2723,28.51,86,0,6.91,clear sky,2022-02-12 21:06:23
529,Bay City,US,43.5945,-83.8889,20.1,59,100,8.05,overcast clouds,2022-02-12 21:03:38
530,Bambanglipuro,ID,-7.95,110.2833,61.61,88,99,3.67,moderate rain,2022-02-12 21:06:24
531,Olafsvik,IS,64.8945,-23.7142,26.67,71,36,18.28,scattered clouds,2022-02-12 21:01:34
532,Cachoeirinha,BR,-29.9511,-51.0939,91.0,60,75,13.8,broken clouds,2022-02-12 21:06:24
533,Itaqui,BR,-29.1253,-56.5531,82.63,49,36,19.39,scattered clouds,2022-02-12 21:06:25
534,Liverpool,GB,53.4106,-2.9779,49.71,89,40,12.66,scattered clouds,2022-02-12 21:03:02
535,Sistranda,NO,63.7256,8.834,37.9,70,100,12.33,light rain,2022-02-12 21:06:25
536,Kariba,ZW,-16.5167,28.8,69.49,87,41,2.89,scattered clouds,2022-02-12 21:06:25
537,Burayevo,RU,55.8407,55.4083,22.8,97,100,7.43,overcast clouds,2022-02-12 21:06:26
538,Mao,ES,39.8885,4.2658,48.76,87,0,8.05,clear sky,2022-02-12 21:05:28
539,Sagaing,MM,21.8787,95.9797,63.54,46,18,5.08,few clouds,2022-02-12 21:06:26
540,Sagua La Grande,CU,22.8067,-80.0756,83.39,65,63,10.27,broken clouds,2022-02-12 21:06:26
541,Conceicao Do Araguaia,BR,-8.2578,-49.2647,76.66,93,85,3.87,light rain,2022-02-12 21:06:27
542,Sinnamary,GF,5.3833,-52.95,77.18,87,79,12.12,broken clouds,2022-02-12 21:06:27
543,Ihosy,MG,-22.4,46.1167,65.12,90,27,10.25,scattered clouds,2022-02-12 21:06:27
544,Maniitsoq,GL,65.4167,-52.9,11.44,76,100,11.16,overcast clouds,2022-02-12 21:06:28
545,Tomohon,ID,1.3346,124.8392,67.14,92,100,1.1,overcast clouds,2022-02-12 21:06:28
546,Port Macquarie,AU,-31.4333,152.9167,63.9,70,100,6.93,overcast clouds,2022-02-12 21:06:28
547,Hualmay,PE,-11.0964,-77.6139,74.77,71,38,10.0,scattered clouds,2022-02-12 21:06:28
548,Lircay,PE,-12.9896,-74.7205,54.99,74,99,5.93,overcast clouds,2022-02-12 21:06:29
549,Esil,KZ,51.9556,66.4042,22.89,96,100,11.79,snow,2022-02-12 21:06:29
550,Kulhudhuffushi,MV,6.6221,73.07,80.76,75,100,6.2,overcast clouds,2022-02-12 21:06:29
551,Concepcion,CL,-36.827,-73.0498,73.2,49,0,10.36,clear sky,2022-02-12 21:07:28
552,Quang Ngai,VN,15.1167,108.8,72.37,92,99,2.24,overcast clouds,2022-02-12 21:03:54
553,Saldanha,ZA,-33.0117,17.9442,66.52,85,100,11.45,overcast clouds,2022-02-12 21:07:30
554,Adrar,MR,20.5022,-10.0711,66.36,20,65,9.13,broken clouds,2022-02-12 21:07:30
555,Ust-Kuyga,RU,70.0167,135.6,-14.94,97,100,8.52,overcast clouds,2022-02-12 21:07:30
556,Ust-Ishim,RU,57.6935,71.1665,1.22,94,100,6.67,overcast clouds,2022-02-12 21:07:31
557,La Grande,US,45.3246,-118.0877,50.94,64,5,4.94,clear sky,2022-02-12 21:07:31
558,Khash,IR,28.2211,61.2158,50.25,37,0,1.9,clear sky,2022-02-12 21:07:31
559,Betare Oya,CM,5.6,14.0833,73.87,22,11,2.82,few clouds,2022-02-12 21:07:32
560,Conakry,GN,9.538,-13.6773,79.7,75,7,9.13,clear sky,2022-02-12 21:05:33
561,Orotukan,RU,62.2667,151.7,-30.51,99,59,4.32,broken clouds,2022-02-12 21:07:32
562,Rena,NO,61.1348,11.3641,35.82,98,100,6.69,overcast clouds,2022-02-12 21:07:32
563,Portland,US,45.5234,-122.6762,65.61,31,0,17.27,clear sky,2022-02-12 21:03:01
564,Manavalakurichi,IN,8.1333,77.3,76.77,81,100,4.47,moderate rain,2022-02-12 21:07:33
565,Sal Rei,CV,16.1833,-22.9167,73.96,71,100,19.8,overcast clouds,2022-02-12 21:07:33
566,Baranain,ES,42.8057,-1.6773,47.64,79,20,3.44,few clouds,2022-02-12 21:07:33
567,Kalynivka,UA,49.4539,28.5261,28.9,85,7,4.76,clear sky,2022-02-12 21:07:33
568,Chimoio,MZ,-19.1164,33.4833,63.66,93,8,1.52,clear sky,2022-02-12 21:07:34
569,Daan,CN,33.0558,106.2958,37.06,91,8,2.26,clear sky,2022-02-12 21:07:34
570,Yablonovo,RU,50.8523,37.3574,24.66,93,36,9.75,scattered clouds,2022-02-12 21:07:34
571,Tigre,AR,-34.426,-58.5796,73.27,52,75,11.5,broken clouds,2022-02-12 21:07:35
572,Muli,MV,2.9167,73.5667,81.01,73,100,6.24,overcast clouds,2022-02-12 21:07:35
573,San Lawrenz,MT,36.0553,14.204,50.86,79,44,1.28,scattered clouds,2022-02-12 21:07:35
574,Mudon,MM,16.2578,97.7164,68.99,73,9,1.95,clear sky,2022-02-12 21:07:36
575,Shieli,KZ,44.1667,66.75,31.62,83,100,6.87,overcast clouds,2022-02-12 21:07:36
576,Bay Roberts,CA,47.5999,-53.2648,46.51,80,88,8.99,overcast clouds,2022-02-12 21:07:36
577,Altamira,BR,-3.2033,-52.2064,76.46,93,49,4.81,scattered clouds,2022-02-12 21:07:36
578,Qaqortoq,GL,60.7167,-46.0333,30.7,98,100,6.58,snow,2022-02-12 21:07:37
579,Tabuk,PH,17.4189,121.4443,68.38,94,87,3.27,overcast clouds,2022-02-12 21:07:37
580,Imeni Poliny Osipenko,RU,52.4201,136.4853,10.99,94,100,14.38,light snow,2022-02-12 21:07:37
581,Yaan,NG,7.3833,8.5667,84.72,11,38,3.31,scattered clouds,2022-02-12 21:07:38
582,Charters Towers,AU,-20.1,146.2667,71.89,78,0,8.7,clear sky,2022-02-12 21:07:38
583,Boende,CD,-0.2167,20.8667,78.69,60,86,3.06,overcast clouds,2022-02-12 21:07:38
584,Skibbereen,IE,51.55,-9.2667,46.2,91,100,10.71,overcast clouds,2022-02-12 21:07:39
585,Atambua,ID,-9.1061,124.8925,72.41,91,95,4.12,overcast clouds,2022-02-12 21:07:39
586,Anadyr,RU,64.75,177.4833,-38.51,98,64,6.69,broken clouds,2022-02-12 21:07:39
587,Kaeo,NZ,-35.1,173.7833,67.91,78,95,17.69,overcast clouds,2022-02-12 21:07:40
588,Umarkot,PK,25.3616,69.7362,64.06,40,0,7.54,clear sky,2022-02-12 21:07:40
589,Awjilah,LY,29.1081,21.2869,55.6,43,0,5.88,clear sky,2022-02-12 21:03:12
590,Chimbote,PE,-9.0853,-78.5783,75.36,70,98,10.07,overcast clouds,2022-02-12 21:06:27
591,Najran,SA,17.4924,44.1277,64.99,37,6,2.68,clear sky,2022-02-12 21:07:40
592,Roebourne,AU,-20.7833,117.1333,85.73,67,89,4.85,overcast clouds,2022-02-12 21:07:41
593,Miguel Hidalgo,MX,19.4225,-99.2028,67.59,27,100,11.5,overcast clouds,2022-02-12 21:07:41
594,Creston,US,41.0586,-94.3614,22.71,42,0,10.36,clear sky,2022-02-12 21:07:41
595,Tura,IN,25.5198,90.2201,54.39,75,0,4.14,clear sky,2022-02-12 21:06:17
596,Koundara,GN,12.4833,-13.3,80.49,11,4,7.09,clear sky,2022-02-12 21:07:42
597,Octeville,FR,49.6261,-1.6435,44.92,81,0,14.97,clear sky,2022-02-12 21:07:42
598,Nouakchott,MR,18.0858,-15.9785,80.53,42,94,8.48,overcast clouds,2022-02-12 21:07:42
599,Atasu,KZ,48.6814,71.6433,16.93,95,100,12.97,overcast clouds,2022-02-12 21:07:42
600,Zemio,CF,5.0314,25.1361,76.01,34,83,1.86,broken clouds,2022-02-12 21:07:43
601,Mayo,US,38.8876,-76.5119,60.35,47,0,7.0,clear sky,2022-02-12 21:08:43
602,Inta,RU,66.0317,60.1659,6.13,94,100,10.18,overcast clouds,2022-02-12 21:08:43
603,Bogande,BF,12.9714,-0.1436,78.84,10,3,7.31,clear sky,2022-02-12 21:08:44
604,Dzhebariki-Khaya,RU,62.2167,135.8,-37.1,100,100,1.19,overcast clouds,2022-02-12 21:08:44
605,Kaduna,NG,10.5222,7.4383,72.54,13,5,8.28,clear sky,2022-02-12 21:08:44
606,Port Blair,IN,11.6667,92.75,75.6,73,9,13.06,clear sky,2022-02-12 21:08:44
607,San Juan,AR,-31.5375,-68.5364,74.43,19,12,4.21,few clouds,2022-02-12 21:08:45
608,Tiznit,MA,29.5833,-9.5,57.11,55,1,2.21,clear sky,2022-02-12 21:08:45
609,Tumarbong,PH,10.3766,119.4579,77.27,92,100,7.14,overcast clouds,2022-02-12 21:08:45
610,Foumbot,CM,5.5079,10.6356,70.74,22,46,2.62,scattered clouds,2022-02-12 21:08:46
611,Pringsewu,ID,-5.3582,104.9744,72.99,94,100,1.68,overcast clouds,2022-02-12 21:08:46
612,Rio Grande,BR,-32.035,-52.0986,77.11,87,99,18.52,overcast clouds,2022-02-12 21:08:46
613,Aksarka,RU,66.5606,67.7975,-13.09,95,100,7.34,overcast clouds,2022-02-12 21:08:47
614,Rancho Palos Verdes,US,33.7445,-118.387,90.88,26,0,0.0,clear sky,2022-02-12 21:08:47
615,Ust-Nera,RU,64.5667,143.2,-35.95,99,61,2.51,broken clouds,2022-02-12 21:08:47
616,Winchester,GB,51.0651,-1.3187,46.96,86,75,12.66,broken clouds,2022-02-12 21:08:48
617,Marawi,PH,7.9986,124.2928,62.65,88,100,2.77,overcast clouds,2022-02-12 21:08:48
618,Tiarei,PF,-17.5333,-149.3333,87.82,74,89,13.65,light rain,2022-02-12 21:08:48
619,Virden,US,39.5009,-89.7679,22.5,69,34,11.48,scattered clouds,2022-02-12 21:08:49
620,Sola,VU,-13.8833,167.55,77.86,86,99,16.17,overcast clouds,2022-02-12 21:08:49
621,Bereslavka,RU,48.6254,44.0449,30.97,97,100,11.81,snow,2022-02-12 21:08:49
622,Tecolutla,MX,20.4833,-97.0167,84.06,73,98,10.22,overcast clouds,2022-02-12 21:08:50
623,Nenjiang,CN,49.1833,125.2167,-10.73,99,98,3.53,overcast clouds,2022-02-12 21:08:50
624,Constantine,DZ,36.365,6.6147,45.81,87,40,5.75,scattered clouds,2022-02-12 21:08:50
625,Thinadhoo,MV,0.5333,72.9333,81.16,71,100,8.93,moderate rain,2022-02-12 21:06:52
626,Arinos,BR,-15.9169,-46.1056,71.65,95,98,2.86,overcast clouds,2022-02-12 21:08:51
627,Gat,IL,31.61,34.7642,51.82,100,0,4.18,clear sky,2022-02-12 21:08:51
628,Wardenburg,DE,53.0667,8.2,37.94,75,81,5.01,broken clouds,2022-02-12 21:08:51
629,Khasan,RU,42.4308,130.6434,20.59,50,99,8.97,overcast clouds,2022-02-12 21:08:51
630,Wagar,SD,16.1525,36.2032,69.85,57,0,15.21,clear sky,2022-02-12 21:08:52
631,Kaduy,RU,59.2,37.15,28.09,91,100,12.66,light snow,2022-02-12 21:08:52
632,Chkalovsk,RU,56.7647,43.2433,24.39,96,66,9.42,broken clouds,2022-02-12 21:08:52
633,Port Alberni,CA,49.2413,-124.8028,57.16,32,2,2.68,clear sky,2022-02-12 21:08:53
634,Basco,PH,20.4487,121.9702,76.55,74,13,15.93,few clouds,2022-02-12 21:08:53
635,Waw,SS,7.7029,27.9953,78.96,20,8,5.21,clear sky,2022-02-12 21:08:53
636,Can Tho,VN,10.0333,105.7833,75.18,88,0,4.61,clear sky,2022-02-12 21:08:54
637,Dongsheng,CN,39.8161,109.9776,22.6,85,96,14.65,light snow,2022-02-12 21:08:54
638,Itaituba,BR,-4.2761,-55.9836,78.96,95,100,1.95,heavy intensity rain,2022-02-12 21:08:54
639,Pisco,PE,-13.7,-76.2167,75.25,64,0,20.71,clear sky,2022-02-12 21:08:54
640,Leh,IN,34.1667,77.5833,-2.06,70,90,2.13,overcast clouds,2022-02-12 21:08:55
641,Ozinki,RU,51.1786,49.6769,18.91,96,100,3.91,overcast clouds,2022-02-12 21:08:55
642,Waipawa,NZ,-41.4122,175.5153,51.46,97,100,22.97,overcast clouds,2022-02-12 21:08:55
643,Adjumani,UG,3.3779,31.7909,82.96,28,86,2.42,overcast clouds,2022-02-12 21:08:56
644,Masvingo,ZW,-20.0637,30.8277,64.94,58,5,3.89,clear sky,2022-02-12 21:08:56
645,Northam,GB,51.0333,-4.2167,50.41,96,100,18.61,overcast clouds,2022-02-12 21:08:56
646,Hanyang,CN,32.1371,105.5126,36.05,92,39,1.41,scattered clouds,2022-02-12 21:08:57
647,Narang,PK,31.9132,74.5176,53.56,63,0,3.71,clear sky,2022-02-12 21:08:57
648,Broken Hill,AU,-31.95,141.4333,75.33,35,7,7.0,clear sky,2022-02-12 21:08:57
649,Lihula,EE,58.6814,23.8453,35.89,69,99,12.95,overcast clouds,2022-02-12 21:08:58
650,Gumdag,TM,39.2061,54.5906,43.66,57,0,6.89,clear sky,2022-02-12 21:09:58
651,Taos,US,36.4072,-105.5731,41.02,37,0,3.0,clear sky,2022-02-12 21:08:31
652,Makaryev,RU,57.8797,43.8069,11.53,98,87,6.46,overcast clouds,2022-02-12 21:09:58
653,Dandong,CN,40.1292,124.3947,26.73,59,100,8.68,overcast clouds,2022-02-12 21:09:59
654,Hastings,GB,50.8552,0.5729,46.15,67,100,19.66,overcast clouds,2022-02-12 21:08:57
655,Vao,NC,-22.6667,167.4833,79.29,81,99,4.23,overcast clouds,2022-02-12 21:05:06
656,Acajutla,SV,13.5928,-89.8275,95.81,59,5,8.95,clear sky,2022-02-12 21:09:59
657,Aykhal,RU,66.0,111.5,-8.1,93,95,3.98,overcast clouds,2022-02-12 21:09:59
658,Pacific Grove,US,36.6177,-121.9166,84.61,34,0,5.75,clear sky,2022-02-12 21:10:00
659,Mallasamudram,IN,11.4833,78.0333,70.66,73,16,4.29,few clouds,2022-02-12 21:10:00
660,Bourbonnais,US,41.1417,-87.875,21.18,71,100,8.05,overcast clouds,2022-02-12 21:05:41
661,Beyneu,KZ,45.3167,55.2,37.94,83,100,7.4,overcast clouds,2022-02-12 21:10:00
662,Naze,JP,28.3667,129.4833,63.39,90,99,7.9,overcast clouds,2022-02-12 21:10:01
663,Belaya Gora,RU,68.5333,146.4167,-20.02,90,100,6.15,overcast clouds,2022-02-12 21:08:33
664,Nova Soure,BR,-11.2333,-38.4833,77.7,78,69,6.02,moderate rain,2022-02-12 21:10:01
665,Oistins,BB,13.0667,-59.5333,78.57,67,21,19.24,few clouds,2022-02-12 21:10:02
666,Decatur,US,39.8403,-88.9548,19.87,67,100,10.36,overcast clouds,2022-02-12 21:10:03
667,Nanchang,CN,28.6833,115.8833,43.12,88,100,4.32,light rain,2022-02-12 21:06:40
668,Neryungri,RU,56.6709,124.6491,-35.73,100,95,2.19,overcast clouds,2022-02-12 21:10:04
669,Majene,ID,-3.5403,118.9707,75.43,83,100,5.91,light rain,2022-02-12 21:10:05
670,Yenagoa,NG,4.9247,6.2642,80.49,73,96,6.46,overcast clouds,2022-02-12 21:10:05
671,Watsa,CD,3.0372,29.5355,72.12,37,80,1.23,broken clouds,2022-02-12 21:10:06
672,Nacala,MZ,-14.5428,40.6728,75.76,89,49,2.59,scattered clouds,2022-02-12 21:10:06
673,Saint-Agapit,CA,46.5629,-71.4352,29.55,92,94,15.28,light snow,2022-02-12 21:10:06
674,Nanlong,CN,31.3533,106.0631,41.99,87,100,2.95,overcast clouds,2022-02-12 21:05:12
675,Santa Isabel Do Rio Negro,BR,-0.4139,-65.0192,86.67,64,100,3.98,overcast clouds,2022-02-12 21:10:07
676,Megion,RU,61.0296,76.1136,-6.99,97,18,12.15,few clouds,2022-02-12 21:10:07
677,Huarmey,PE,-10.0681,-78.1522,75.38,72,33,10.02,scattered clouds,2022-02-12 21:05:48
678,Kantunilkin,MX,21.0917,-87.45,80.44,76,37,3.91,scattered clouds,2022-02-12 21:10:08
679,Suntar,RU,62.1444,117.6319,-26.91,100,99,2.73,overcast clouds,2022-02-12 21:10:08
680,Coatzintla,MX,20.4833,-97.45,82.98,54,40,6.91,scattered clouds,2022-02-12 21:10:08
681,Batemans Bay,AU,-35.7167,150.1833,65.1,90,55,3.04,broken clouds,2022-02-12 21:10:08
682,Imeni Karla Libknekhta,RU,51.6232,35.4775,25.32,97,37,6.69,scattered clouds,2022-02-12 21:10:09
683,Cockburn Town,TC,21.4612,-71.1419,77.76,76,0,19.91,clear sky,2022-02-12 21:09:11
684,Buritis,BR,-15.6178,-46.4233,73.85,90,87,3.53,overcast clouds,2022-02-12 21:10:09
685,Nuevo Imperial,PE,-13.0754,-76.3172,73.76,70,82,7.34,broken clouds,2022-02-12 21:10:10
686,Jaguaribe,BR,-5.8906,-38.6219,83.61,56,79,5.61,broken clouds,2022-02-12 21:10:10
687,San Andres,CO,12.5847,-81.7006,86.02,70,40,13.8,scattered clouds,2022-02-12 21:10:10
688,Banda Aceh,ID,5.5577,95.3222,77.34,85,26,11.36,scattered clouds,2022-02-12 21:10:11
689,Arrah,IN,25.5667,84.6667,51.46,65,0,4.97,clear sky,2022-02-12 21:10:11
690,Steamboat Springs,US,40.485,-106.8317,33.39,49,0,8.05,clear sky,2022-02-12 21:09:39
691,Sao Paulo De Olivenca,BR,-3.3783,-68.8725,77.52,92,100,2.24,overcast clouds,2022-02-12 21:10:11
692,Golden,US,39.7555,-105.2211,45.72,48,75,8.05,broken clouds,2022-02-12 21:09:09
693,Dayong,CN,25.0209,118.2898,56.57,95,100,1.05,overcast clouds,2022-02-12 21:10:12
694,Conde,BR,-7.2597,-34.9075,81.86,78,40,9.22,scattered clouds,2022-02-12 21:10:12
695,Ornskoldsvik,SE,63.2909,18.7153,23.95,93,100,2.3,overcast clouds,2022-02-12 21:10:12
696,Shingu,JP,33.7333,135.9833,42.91,59,97,3.36,overcast clouds,2022-02-12 21:11:13
697,Winslow,US,35.0242,-110.6974,55.96,14,0,6.91,clear sky,2022-02-12 21:11:13
698,Maamba,ZM,-17.3667,27.15,68.68,84,64,2.93,broken clouds,2022-02-12 21:11:14
699,Mezen,RU,65.8522,44.24,10.65,96,96,6.98,overcast clouds,2022-02-12 21:11:14
700,Dhidhdhoo,MV,6.8833,73.1,81.03,75,100,6.33,overcast clouds,2022-02-12 21:11:14
701,Yinchuan,CN,38.4681,106.2731,28.38,71,87,2.75,overcast clouds,2022-02-12 21:11:14
702,Burnie,AU,-41.0667,145.9167,61.66,77,100,10.69,overcast clouds,2022-02-12 21:11:15
703,Qostanay,KZ,53.1667,63.5833,16.09,86,100,4.47,light snow,2022-02-12 21:11:15
704,Pennsville,US,39.6535,-75.5166,58.26,41,100,5.01,overcast clouds,2022-02-12 21:11:16
705,Praia,CV,14.9215,-23.5087,73.94,64,94,21.85,overcast clouds,2022-02-12 21:11:16
706,Talmenka,RU,53.8183,83.5677,4.44,100,46,4.52,scattered clouds,2022-02-12 21:11:16
707,Kimbe,PG,-5.5502,150.1429,75.99,90,93,2.01,overcast clouds,2022-02-12 21:11:16
708,Kloulklubed,PW,7.0419,134.2556,81.1,75,65,21.03,broken clouds,2022-02-12 21:11:17
